Xe-140,Zr-98,Xe-142,Ba-137m,I-134,I-136,Y-97,Kr-85,Ba-142,Xe-139,Sr-92,Y-91m,I-132,Sr-93,Y-96,Rb-89,Rb-91,Rb-88,Cs-137,I-138,Sr-96,La-142,Cs-144,Xe-135m,Y-94,Cs-141,I-139,Ce-144,Nb-97,Kr-88,I-135,Sr-89,Nb-98,Kr-85m,Xe-138,Kr-89,Ba-140,Cs-134,Xe-137,Pr-144m,Xe-133m,I-131,La-143,I-133m,Ba-144,Kr-87,Kr-92,Kr-91,Kr-93,Sr-94,Ba-141,Cs-139,La-140,Y-91,Y-95,Xe-131m,Rb-92,Rb-93,Y-92,I-136m,Xe-135,Xe-133,Sr-91,La-141,Cs-140,Ba-139,Ba-143,Pr-144,I-129,Zr-97,Sr-97,Nb-95m,Xe-141,Cs-143,Nb-95,Cs-138,Ce-141,I-137,La-144,Sr-98,Y-98,Zr-95,I-140,Y-93,Sr-95,Cs-142,Ce-143,I-133,
5806908200519012.0,5667918536361.982,388.4235521161809,769340217.1063919,460085307401656.56,5648259043520375.0,6234121896.858097,484199940.6406704,2117333088164310.0,2.124643841470078e+16,74407633287390.28,64068617058.026306,107457721145261.23,478339353310720.2,261072178913.5396,387455661665554.75,1.33221931543547e+16,5380048173213.955,3684807593.772497,60544674694753.46,0.03478702218221693,15811914350179.805,0.12582209368962333,711025054721120.0,1644594087619.6646,1.948942169740345e+16,768587004.3276826,4428056706.855551,188568385.18862006,140427610077828.73,51868715673532.086,2630753083.2392063,6259153945027.118,33453622739981.51,3484184257111941.5,7751969376937031.0,1624752534977.8147,2813998202.946588,1.1659024839066602e+16,1802182.5018051455,109341933.45271249,875947429540.7806,697597277815959.2,755952629936924.0,546783166734722.44,227721836239574.66,58998586.51483632,1250550637355861.2,1585.1614621591702,33915498106142.523,1827714569897604.0,7454576748224909.0,239131912.6287653,27426264.27628728,4839157067213.4795,420218.84056594456,25550488976443.2,40095246240099.85,206193328134.03976,2367639251161782.0,105466611772990.61,7379322484028.995,17033262796873.084,3400753278709.2183,3.634620446094508e+16,54449058401140.94,2857681920232479.5,77339512.36693305,296.3999999999752,21900336524.829136,3.0425363101211768e-27,12.68794123281062,13169217.019898785,29722830.803673252,119.87496982121418,1677691597536975.5,18738083.823676113,4461295271607185.0,2539473075390717.0,1.6250814138604036e-13,1.7578757986649844e-12,23402902.031687412,4.006646710280212e-05,469402233162.1975,29295276443508.18,23003839.9403662,167475576767.13684,17270405242241.494,
6092542554898302.0,7507766165719.33,388.4235521161817,4338541960.820488,1362231594433500.0,1.1162096139028706e+16,6234219871.113467,1452599643.8440516,5958407190116068.0,3.1307106351476504e+16,222280761615084.66,820995542956.3395,320757204546460.44,1311813144480746.2,261174283112.28555,1968618214777193.0,2.318848282617147e+16,31378901922604.88,12375152366.43031,60621138888536.39,0.03478702218221693,92580336854263.7,0.12582209368962333,2039931505181868.2,7160218334639.889,2.382739573677715e+16,768587013.529022,19963265697.624344,1186557564.791252,419574945508647.2,155332935239686.78,25786857679.11856,8290928125635.1875,100102625673920.73,9958482542378520.0,1.896486394722221e+16,7485678835692.357,8441989217.684119,2.9491499491498604e+16,22376812.450092237,655712682.7524376,2627684589863.915,2082568345966513.2,763466814555525.0,561391840532701.6,677006021799172.5,58998586.52384469,1260388869609383.2,1585.1614621591846,64675403485279.69,6034872257769848.0,2.2938584583251532e+16,2824246392.026847,358284127.8697513,15555003012182.273,2521143.839863693,25552924317503.57,40127655534481.07,1340540055714.0618,3748318750437307.5,316000344380386.8,22135935152963.87,79788049275609.75,28246011971501.324,6.628452907336114e+16,354748876109941.0,3022128751094518.5,991802791.0135537,889.1999999998509,65656482461.29097,3.0425363101211768e-27,281.61931612669616,13169217.020376548,29722830.806087043,2660.8838126078954,5135058698450495.0,426865677.5470573,5427971108188871.0,3880954216104692.5,1.6250814138604036e-13,1.7578757986649844e-12,189968690.4169542,4.006646710280212e-05,2915224644012.288,35948241754650.17,23003839.940799,1242644955615.1946,51782452760531.69,
6093173023437705.0,7630260888554.825,388.4235521161817,10147567581.042894,2240867924624615.8,1.3195938302673996e+16,6234219871.113492,2420999109.610202,9328598646179476.0,3.254377640449969e+16,368875019182158.0,2684773741643.015,531920069248555.1,2003301393820450.8,261174283127.89075,4202056329204818.0,2.5551942588935716e+16,76279668505600.1,22372753965.36728,60621139010190.71,0.03478702218221693,222555469217164.88,0.12582209368962333,3253651054784172.0,13603293126144.596,2.3979813562446316e+16,768587013.529022,37434604716.294235,2998244466.9309115,696460482278036.0,258433938281009.53,85952715956.80191,8426201074953.521,166408781549817.56,1.5825707795545584e+16,2.6185701632065876e+16,14610316085723.334,14069973044.221775,4.189435623919723e+16,68164004.66668195,1638434935.1367586,4379211506205.9736,3341257838334845.5,763467542584368.1,561401745977800.1,1118200875039471.2,58998586.52384469,1260389469116870.2,1585.1614621591846,74867321428690.47,1.0024304041677564e+16,3.684183078426774e+16,9208287633.630278,1194813388.9851239,25157367916826.21,6302436.623159157,25552924317525.69,40127655555621.88,3425333754541.4624,3983555761937593.5,526002543180427.56,36889838504327.32,154971916299835.03,77153246858729.94,7.441755596992123e+16,894610983420639.2,3022618416779789.5,3119765475.8988657,1481.999999999627,109352291301.74452,3.0425363101211768e-27,1255.3234749500914,13169217.020376548,29722830.806087043,11861.65352014101,8702422194904618.0,1930894587.1144009,5460393737506002.0,4055477547237249.5,1.6250814138604036e-13,1.7578757986649844e-12,510028536.0670186,4.006646710280212e-05,7079027950425.0,36190248810775.16,23003839.940799,3241033388272.1846,86256185139464.78,
6093174415044047.0,7638416431917.83,388.4235521161817,17684321135.443737,3096606968091367.5,1.3946144352466622e+16,6234219871.113492,3389398337.939179,1.2285633618441894e+16,3.269578945469231e+16,514201465092742.9,5729062260692.633,740967717738755.4,2576991601004240.0,261174283127.89078,6749283229395843.0,2.611800957718461e+16,138495614612075.19,33279579511.174374,60621139010190.9,0.03478702218221693,398268966319293.44,0.12582209368962333,4362167869173983.0,20023876922787.496,2.3985168871945836e+16,768587013.529022,55157058949.35382,5606985015.119051,971102546669414.6,361172999888004.75,192075502122.658,8435207376437.128,232373853996534.16,2.1142783199646136e+16,3.0835749533972824e+16,22077211348031.273,19697949682.568737,5.052080088595601e+16,136117287.52294376,3056832214.2311335,6130528203800.497,4482881312998594.5,763467542654904.9,561401752694210.1,1551452043858784.0,58998586.52384469,1260389469153402.0,1585.1614621591846,78244288622993.75,1.372537601645886e+16,4.888340395960829e+16,19793774291.327717,2600910301.059903,33559115644691.574,11763758.867441053,25552924317525.69,40127655555621.9,6446107533420.277,4023634905293182.0,735474550134730.4,51641033035550.68,232988593601207.9,148363825336679.7,7.662135404396822e+16,1640034563986013.0,3022619874834542.0,6429865998.726267,2074.799999999304,152987846241.32465,3.0425363101211768e-27,3349.460306741319,13169217.020376548,29722830.806087043,31651.261549243198,1.235182106100417e+16,5218206944.997315,5461481203285175.0,4078087794264219.5,1.6250814138604036e-13,1.7578757986649844e-12,965282400.6328565,4.006646710280212e-05,12663307304849.002,36199052015432.805,23003839.940799,6076358879371.392,120691644916357.73,
6093174418115680.0,7638959417656.367,388.4235521161817,26521426625.188942,3930045428750180.5,1.4222866473389084e+16,6234219871.113492,4357797328.831041,1.4880161538050528e+16,3.2714475091473416e+16,658271063940016.4,9944022648529.045,947921338115779.9,3052951176792721.0,261174283127.89078,9401613255814964.0,2.6253587015906196e+16,216560392288819.34,44818788863.57916,60621139010190.9,0.03478702218221693,613182319352653.4,0.12582209368962333,5374600706881487.0,26130782467570.516,2.3985357034581732e+16,768587013.529022,72911993516.46445,8996453681.301361,1243519316477006.5,463551390674905.3,347981942477.9399,8435807004572.852,297999597570704.4,2.5961294443548108e+16,3.3830269897644084e+16,29636428598852.9,25325919132.734188,5.652067242824411e+16,222531876.90919098,4910228879.083232,7881634707877.998,5518319812686922.0,763467542654911.6,561401752698764.25,1976902553774559.0,58998586.52384469,1260389469153404.2,1585.1614621591846,79363205346491.64,1.7156118125960342e+16,5.926045060213571e+16,34687739201.925964,4605715594.323009,40903166453768.31,18904772.301413782,25552924317525.69,40127655555621.9,10388560257058.293,4030463497961797.0,944417703816867.1,66389519243973.99,311539944816375.9,240101278081843.5,7.72185026175678e+16,2558297825473369.0,3022619879176124.0,10839027524.096731,2667.5999999988812,196563230366.54858,3.0425363101211768e-27,6928.068557570761,13169217.020376548,29722830.806087043,65471.96733501737,1.605863333354281e+16,10922718540.257648,5461517677249372.0,4081016984854822.0,1.6250814138604036e-13,1.7578757986649844e-12,1538740559.9847739,4.006646710280212e-05,19421250023546.5,36199372239204.32,23003839.940799,9670061888797.229,155088874581302.75,
6093174418122460.0,7638995568958.511,388.4235521161817,36320275297.114334,4741764460397146.0,1.4324938607076882e+16,6234219871.113492,5326196082.285848,1.715662265155518e+16,3.2716771953627508e+16,801094685490528.5,15300579287900.088,1152801906237383.8,3447828960913893.0,261174283127.89078,1.203313708360362e+16,2.6286058865124896e+16,309118998080523.1,56797833951.22675,60621139010190.9,0.03478702218221693,861572650207541.4,0.12582209368962333,6299277931044927.0,31849408951437.94,2.3985363645810748e+16,768587013.529022,90671083722.65265,13150637417.333532,1513728822208977.5,565570376795386.6,554370522093.5697,8435846927053.995,363287757803402.1,3.0327990200712628e+16,3.575866986203252e+16,37220243806358.28,30953881394.727303,6.069370778615189e+16,324197360.0189787,7197950123.198358,9632531043665.963,6457449821143579.0,763467542654911.6,561401752698767.3,2394692855139175.5,58998586.52384469,1260389469153404.2,1585.1614621591846,79733944699907.69,2.0336176772643404e+16,6.819668975656928e+16,53917126607.98099,7229601995.865685,47322412389324.86,27725138.705490325,25552924317525.69,40127655555621.9,15238554848549.055,4031626937944038.5,1152833339420916.8,81135297626845.94,390075893052333.2,350714664436264.25,7.73803079857725e+16,3620869487013717.5,3022619879189051.5,16263561303.683762,3260.3999999983594,240078526649.36212,3.0425363101211768e-27,12309.233703409736,13169217.020376548,29722830.806087043,116332.64971708493,1.9801233867174444e+16,19627555733.205513,5461518900598272.0,4081396465739065.5,1.6250814138604036e-13,1.7578757986649844e-12,2215516596.150778,4.006646710280212e-05,27148099987243.484,36199383887605.99,23003839.940799,13950889474693.07,189447916577219.66,
6093174418122475.0,7638997975866.379,388.4235521161817,46821332793.54301,5532330071944579.0,1.436258908634051e+16,6234219871.113492,6294594598.303656,1.9154009213531572e+16,3.2717054286834384e+16,942683105504303.8,21765789462469.145,1355630187846374.0,3775437590563026.5,261174283127.89078,1.4570509928027688e+16,2.629383612512939e+16,414919410390045.3,69082793588.60548,60621139010190.9,0.03478702218221693,1138432509742307.2,0.12582209368962333,7143806019271185.0,37175355421560.84,2.3985363878101016e+16,768587013.529022,108430660062.67638,18053829702.022083,1781748948280824.2,667231219958225.6,810079622755.5743,8435849585042.181,428240071246569.2,3.4285235679753476e+16,3.700051362030778e+16,44810306271439.57,36581836468.55727,6.359614060918987e+16,438445580.3702919,9919321973.57596,11383217236388.842,7309229210249320.0,763467542654911.6,561401752698767.3,2804960869505622.0,58998586.52384469,1260389469153404.2,1585.1614621591846,79856784644369.03,2.3283865864474372e+16,7.58913887279362e+16,77487180824.9611,10490410868.012424,52933300656300.89,38224519.91178515,25552924317525.69,40127655555621.9,20982116607855.227,4031825162184078.5,1360722788769999.0,95878368681323.92,468465034411731.8,478674386301198.1,7.74241513076883e+16,4803205130496255.0,3022619879189090.0,22625321301.695457,3853.1999999977375,283533817947.2977,3.0425363101211768e-27,19770.844468574953,13169217.020376548,29722830.806087043,186863.09523819239,2.356068536559621e+16,31868749062.82458,5461518941629801.0,4081445628037307.0,1.6250814138604036e-13,1.7578757986649844e-12,2982597381.6218495,4.006646710280212e-05,35673993096948.086,36199384311326.13,23003839.940799,18854216590300.793,223768813299908.38,
6093174418122475.0,7638998136115.254,388.4235521161817,57830132079.53178,6302293522097108.0,1.4376476898200276e+16,6234219871.113492,7262992876.884523,2.0906533363536436e+16,3.271708899158998e+16,1083047006547852.0,29306504232490.773,1556426740675328.0,4047236659886330.5,261174283127.89078,1.6973560701359026e+16,2.6295698839284356e+16,532804854185910.4,81580522807.7983,60621139010190.9,0.03478702218221693,1439381963131374.0,0.12582209368962333,7915132135201381.0,42126029086009.664,2.39853638862627e+16,768587013.529022,126190247146.99257,23690624701.53462,2047597434199094.0,768535177442905.4,1112890671641.389,8435849762007.666,492858265519204.94,3.7871423647096056e+16,3.780023149442437e+16,52401643659042.164,42209784354.23326,6.561484296125233e+16,563073088.0482978,13073671289.747232,13133693311268.072,8081782659901615.0,763467542654911.6,561401752698767.3,3207842035158363.5,58998586.52384469,1260389469153404.2,1585.1614621591846,79897486155595.8,2.6016164717985228e+16,8.25169424751226e+16,105397267481.23413,14404957946.065865,57837625126681.59,50402577.80410705,25552924317525.69,40127655555621.9,27605431546543.246,4031858935176187.0,1568087380324783.5,110618732904474.1,546676239606474.75,622563491691650.4,7.743603124033773e+16,6084238677519676.0,3022619879189090.0,29852068129.49514,4445.999999997016,326929187003.63226,3.0425363101211768e-27,29555.65362896351,13169217.020376548,29722830.806087043,279361.72579825844,2.732045952040566e+16,48138699403.57211,5461518943006012.0,4081451997084257.0,1.6250814138604036e-13,1.7578757986649844e-12,3828608448.62882,4.006646710280212e-05,44858013241205.23,36199384326739.305,23003839.940799,24321429610686.176,258051607098101.16,
6093174418122475.0,7638998146784.421,388.4235521161817,69203310885.03494,7052191703742486.0,1.43815995771681e+16,6234219871.113492,8231390918.02851,2.244421312709268e+16,3.2717093257542524e+16,1222196978800146.0,37890225428721.47,1755211916530231.8,4272733571137214.5,261174283127.89078,1.9222863936039252e+16,2.6296144973786884e+16,661706646000762.8,94226237347.71074,60621139010190.9,0.03478702218221693,1760591455952966.8,0.12582209368962333,8619601276500760.0,46724715045383.836,2.398536388654947e+16,768587013.529022,143949783388.3738,30045911541.020645,2311291875735514.0,869483502115163.8,1460033028611.0972,8435849773789.803,557144059353317.25,4.112134690943303e+16,3.8315230804055544e+16,59992908680229.93,47837725051.76446,6.7018892403456824e+16,696262008.1494254,16660325762.813787,14883959293522.049,8782479155030785.0,763467542654911.6,561401752698767.3,3603469351824427.5,58998586.52384469,1260389469153404.2,1585.1614621591846,79910972102886.06,2.8548812083326544e+16,8.822189229254797e+16,137645160493.41956,18989405657.828842,62124361432181.04,64258974.31795211,25552924317525.69,40127655555621.9,35094844738617.598,4031864689341246.0,1774928439191980.5,125356390793271.34,624702395074051.1,781069444556064.1,7.743925026648787e+16,7445903588856921.0,3022619879189090.0,37877116197.50171,5038.799999996196,370264716447.5447,3.0425363101211768e-27,41875.70258388584,13169217.020376548,29722830.806087043,395837.3261254905,3.106618538833655e+16,68889392188.84076,5461518943052170.0,4081452822203515.5,1.6250814138604036e-13,1.7578757986649844e-12,4743607683.314406,4.006646710280212e-05,54583260855335.875,36199384327299.98,23003839.940799,30299367196373.363,292296340273514.8,
6093174418122475.0,7638998147494.761,388.4235521161817,80836448959.11133,7782547518325170.0,1.4383489136162158e+16,6234219871.113492,9199788721.735672,2.3793386577994236e+16,3.2717093781918812e+16,1360143520851630.0,47485291639848.016,1952005863353242.2,4459816099088053.0,261174283127.89078,2.1311790390301564e+16,2.62962518264641e+16,800637575694068.9,106974878408.28726,60621139010190.9,0.03478702218221693,2098714139342868.0,0.12582209368962333,9263008469377398.0,50995394309185.03,2.3985363886559544e+16,768587013.529022,161709260808.28207,37104868685.325,2572849726091607.0,970077442442487.9,1848497877669.5376,8435849774574.243,621099162639638.6,4.406653586976118e+16,3.864687812307237e+16,67583736300643.92,53465658561.16005,6.799543797202005e+16,836512803.7846166,20678613914.487434,16634015208366.152,9418002274508510.0,763467542654911.6,561401752698767.3,3991973424579473.5,58998586.52384469,1260389469153404.2,1585.1614621591846,79915440506363.81,3.0896396670758116e+16,9.31341523138749e+16,174228203678.8323,24259363658.973316,65871280760545.74,79793371.44049655,25552924317525.69,40127655555621.9,43436858687304.445,4031865669722712.5,1981247287132806.8,140091342844599.25,702542138384780.4,952976490067304.6,7.744012250454352e+16,8872715578182912.0,3022619879189090.0,46638918843.23631,5631.5999999952755,413540488794.2732,3.0425363101211768e-27,56916.18879228121,13169217.020376548,29722830.806087043,538045.5169860519,3.4785422408499416e+16,94535376666.7785,5461518943053719.0,4081452929098910.0,1.6250814138604036e-13,1.7578757986649844e-12,5718904955.000416,4.006646710280212e-05,64752761573195.484,36199384327320.37,23003839.940799,36739813163517.41,326503055080903.06,
6093174418122475.0,7638998147542.055,388.4235521161817,92654184613.0572,8493870240463714.0,1.4384186121707114e+16,6234219871.113492,10168186288.006071,2.4977162968734932e+16,3.2717093846375816e+16,1496897040496319.0,58060904018635.26,2146828527264789.8,4615028301642508.0,261174283127.89078,2.3241437097683388e+16,2.629627741850991e+16,948685784717180.2,119795106657.59529,60621139010190.9,0.03478702218221693,2450826494567083.5,0.12582209368962333,9850646438986440.0,54961116242743.92,2.3985363886559896e+16,768587013.529022,179468678373.26266,44852958426.71626,2832288297053866.5,1070318242509555.5,2275230104856.319,8435849774626.47,684725276473105.9,4.67355644319314e+16,3.886045111657757e+16,75174027640897.27,59093584882.42922,6.867464571130249e+16,982588560.4271193,25127865096.131012,18383861081012.73,9994413942325180.0,763467542654911.6,561401752698767.3,4373482506963330.5,58998586.52384469,1260389469153404.2,1585.1614621591846,79916921057133.45,3.3072441180764428e+16,9.736386480396398e+16,215143625509.175,30229923961.153675,69146360787089.58,97005431.21058965,25552924317525.69,40127655555621.9,52618131707635.73,4031865836757862.0,2187045242571434.2,154823589555250.28,780195483732003.8,1137158577609990.8,7.74403588490745e+16,1.0351412708032078e+16,3022619879189090.0,56080673883.24805,6224.399999994256,456756586445.2726,3.0425363101211768e-27,74838.84619466423,13169217.020376548,29722830.806087043,707520.6354354759,3.8467455706695496e+16,125456527307.92175,5461518943053771.0,4081452942947363.5,1.6250814138604036e-13,1.7578757986649844e-12,6746904457.431654,4.006646710280212e-05,75286071858023.14,36199384327321.1,23003839.940799,43599036523376.48,360671793728108.44,
6093174418122475.0,7638998147545.202,388.4235521161817,104602513395.64392,9186655873066230.0,1.4384443212833352e+16,6234219871.113492,11136583616.839762,2.6015818556227156e+16,3.271709385429895e+16,1632467855517042.5,69587114238819.61,2339699654585225.5,4743799427870478.0,261174283127.89078,2.5017407401625504e+16,2.6296283548003584e+16,1105009103638806.0,132665124938.92473,60621139010190.9,0.03478702218221693,2814376239529750.5,0.12582209368962333,1.0387349147860954e+16,58643542340946.234,2.3985363886559908e+16,768587013.529022,197228035949.60654,53275921477.592545,3089624760139582.0,1170207142033620.0,2737242499524.1025,8435849774629.947,748024093198106.2,4.915432722156467e+16,3.8997987049899736e+16,82763755939839.1,64721504015.58114,6.914704881050439e+16,1133468995.2952461,30007409487.800335,20133496936671.1,1.0517212249125156e+16,763467542654911.6,561401752698767.3,4748122543319249.0,58998586.52384469,1260389469153404.2,1585.1614621591846,79917411619499.27,3.5089480198177972e+16,1.0100586819207597e+17,260388624396.5607,36915680090.338486,72009018944436.53,115894815.71874654,25552924317525.69,40127655555621.9,62625476324686.086,4031865865216928.5,2392323620603413.0,169553131421925.53,857662774204980.9,1332572800914198.2,7.744042288977643e+16,1.1870645437288744e+16,3022619879189090.0,66149958076.17766,6817.199999993136,499913091688.37067,3.0425363101211768e-27,95784.89994782329,13169217.020376548,29722830.806087043,905603.6004777043,4.21031115562271e+16,162000603282.11838,5461518943053772.0,4081452944741450.5,1.6250814138604036e-13,1.7578757986649844e-12,7820966903.496931,4.006646710280212e-05,86116462878950.36,36199384327321.13,23003839.940799,50837374303759.65,394802598376114.56,
6093174418122475.0,7638998147545.413,388.4235521161817,116642951175.91747,9861387493191512.0,1.4384538043849102e+16,6234219871.113492,12104980708.236803,2.692714390269213e+16,3.2717093855272876e+16,1766866194463904.5,82034803888043.61,2530638793836214.5,4850633830559933.0,261174283127.89078,2.6647778404883416e+16,2.6296285016064908e+16,1268829814482366.0,145569772876.75558,60621139010190.9,0.03478702218221693,3187136624468083.5,0.12582209368962333,1.0877531560520372e+16,62062872173110.28,2.3985363886559908e+16,768587013.529022,214987333520.168,62359771666.16493,3344876147733366.5,1269745376379842.5,3231680752497.8496,8435849774630.179,810997296453491.0,5.134629081290125e+16,3.908655692310488e+16,90352913977713.75,70349415960.62498,6.947561498433998e+16,1288312517.2330337,35316578097.287186,21882922800547.566,1.0991383895629462e+16,763467542654911.6,561401752698767.3,5116017210370831.0,58998586.52384469,1260389469153404.2,1585.1614621591846,79917574161331.47,3.69591323946566e+16,1.0414182334238083e+17,309960391802.2111,44330742124.38773,74511190390449.34,136461187.10714135,25552924317525.69,40127655555621.9,73445857687316.5,4031865870065719.0,2597083733004075.0,184279968941235.06,934944430852069.0,1538253317554103.2,7.744044024245851e+16,1.3420709745947434e+16,3022619879189090.0,76798389571.66835,7409.9999999919155,543010086697.9255,3.0425363101211768e-27,119877.64907785237,13169217.020376548,29722830.806087043,1133466.2696779252,4.568459106606262e+16,204485620760.828,5461518943053772.0,4081452944973877.0,1.6250814138604036e-13,1.7578757986649844e-12,8935289073.389767,4.006646710280212e-05,97188584126496.84,36199384327321.13,23003839.940799,58418853173201.66,428895511139098.0,
6093174418122475.0,7638998147545.427,388.4235521161817,128748195343.55283,1.0518535588897036e+16,1.4384573023358818e+16,6234219871.113492,13073377562.197254,2.7726748600448324e+16,3.271709385539259e+16,1900102197426005.5,95375662297101.5,2719665297722085.5,4939268526336427.0,261174283127.89078,2.814182949802963e+16,2.6296285367676996e+16,1439429806010584.5,158498506114.82324,60621139010190.9,0.03478702218221693,3567166333530081.5,0.12582209368962333,1.1325225961363776e+16,65237890445927.79,2.3985363886559908e+16,768587013.529022,232746571082.9023,72090790733.15804,3598059354214491.0,1368934176576571.2,3755857515771.9175,8435849774630.193,873646561217357.8,5.333272139895868e+16,3.9143593817028456e+16,97941499829764.81,75977320717.56995,6.970413958710266e+16,1446424930.8474755,41054702759.16341,23632138697845.402,1.1421451758176362e+16,763467542654911.6,561401752698767.3,5477287958050376.0,58998586.52384469,1260389469153404.2,1585.1614621591846,79917628017576.98,3.869216745526729e+16,1.0684204452713192e+17,363856118497.38025,52488750455.94722,76698270230622.9,158704207.56959978,25552924317525.69,40127655555621.9,85066391997279.77,4031865870891844.5,2801326888236919.5,199004102609697.66,1012040892581356.5,1753305712784011.5,7.744044494439907e+16,1.49933173595324e+16,3022619879189090.0,87981316356.52026,8002.799999990595,586047653534.9814,3.0425363101211768e-27,147224.72390674107,13169217.020376548,29722830.806087043,1392132.72861378,4.9205320349694024e+16,253202051722.7018,5461518943053772.0,4081452945003988.5,1.6250814138604036e-13,1.7578757986649844e-12,10084798530.939665,4.006646710280212e-05,108456525041421.97,36199384327321.13,23003839.940799,66310846258734.336,462950574084480.56,
6093174418122475.0,7638998147545.427,388.4235521161817,140898944959.7599,1.1158558387308666e+16,1.4384585925952872e+16,6234219871.113492,14041774178.721172,2.842832864006192e+16,3.2717093855407304e+16,2032185916796493.2,109582164468709.36,2906798325091329.0,5012803914728382.0,261174283127.89078,2.950925773070279e+16,2.629628545189082e+16,1616146092482771.0,171443990834.19363,60621139010190.9,0.03478702218221693,3952774304957772.5,0.12582209368962333,1.1734115124602268e+16,68186049081402.0,2.3985363886559908e+16,768587013.529022,250505748637.72113,82455523227.60364,3849191137075068.5,1467774769330565.2,4307267220414.733,8435849774630.193,935973553851600.6,5.5132891113829896e+16,3.918032422151841e+16,105529513005984.1,81605218286.42522,6.986308319793815e+16,1607233621.7128701,47221116133.826065,25381144653764.848,1.181151803008277e+16,763467542654911.6,561401752698767.3,5832054049592111.0,58998586.52384469,1260389469153404.2,1585.1614621591846,79917645862184.38,4.029856811468543e+16,1.0916707600780914e+17,422072996259.14954,61402888970.23085,78609937088989.38,182623539.3515922,25552924317525.69,40127655555621.9,97474344953544.28,4031865871032598.0,3005054391461971.0,213725532923741.0,1088952601768344.5,1976901775243489.0,7.744044621845254e+16,1.6581397918953658e+16,3022619879189090.0,99657528715.79549,8595.599999989177,629025874147.4258,3.0425363101211768e-27,177920.0592073989,13169217.020376548,29722830.806087043,1682497.8994042126,5.265981559332933e+16,308414861940.88525,5461518943053772.0,4081452945007889.0,1.6250814138604036e-13,1.7578757986649844e-12,11265061598.02779,4.006646710280212e-05,119882206853619.52,36199384327321.13,23003839.940799,74483761883818.5,496967829232980.6,
6093174418122475.0,7638998147545.427,388.4235521161817,153081594932.42355,1.1781902174140872e+16,1.4384590685222934e+16,6234219871.113492,15010170557.808617,2.90439010014618e+16,3.2717093855409116e+16,2163127318030994.8,124627549491114.95,3092056842878451.0,5073812228668911.0,261174283127.89078,3.075970371021082e+16,2.6296285472060684e+16,1798366668621041.0,184401126211.37344,60621139010190.9,0.03478702218221693,4342488866853706.0,0.12582209368962333,1.2107562609089246e+16,70923556146135.14,2.3985363886559908e+16,768587013.529022,268264866184.78946,93440771499.84027,4098288118029190.5,1566268377042165.2,4883589125436.218,8435849774630.193,997979932146234.5,5.67642650088379e+16,3.920397772929538e+16,113116953405125.25,87233108667.19997,6.9973631782729544e+16,1770266262.7538497,53815151706.54372,27129940693503.133,1.2165303350329462e+16,763467542654911.6,561401752698767.3,6180432600903544.0,58998586.52384469,1260389469153404.2,1585.1614621591846,79917651774776.52,4.178758766035449e+16,1.1116904955599645e+17,484608218329.24023,71085897810.54434,80280872968992.12,208218844.75022662,25552924317525.69,40127655555621.9,110657130211693.66,4031865871056580.0,3208267544544121.0,228444260379701.53,1165680000810816.0,2208274654435777.8,7.744044656367432e+16,1.8178928656865624e+16,3022619879189090.0,111788993860.35513,9188.399999987658,671944830370.1444,3.0425363101211768e-27,212045.6188846544,13169217.020376548,29722830.806087043,2005343.8059171848,5.6043561591805064e+16,370365399904.05524,5461518943053772.0,4081452945008395.0,1.6250814138604036e-13,1.7578757986649844e-12,12472202917.532768,4.006646710280212e-05,131434048378332.7,36199384327321.13,23003839.940799,82910761257469.4,530947318558665.7,
6093174418122475.0,7638998147545.427,388.4235521161817,165286577563.77783,1.2389001604890232e+16,1.4384592440734374e+16,6234219871.113492,15978566699.459644,2.9584009486201652e+16,3.2717093855409336e+16,2292936280399492.0,140485799516154.06,3275459628026371.5,5124427509981185.0,261174283127.89078,3.190247474582699e+16,2.6296285476891524e+16,1985526675566711.8,197366364517.6085,60621139010190.9,0.03478702218221693,4735030659434419.0,0.12582209368962333,1.2448640427256582e+16,73465462639714.97,2.3985363886559908e+16,768587013.529022,286023923724.3052,105033590789.86777,4345366784113071.5,1664416217820411.5,5482683355486.051,8435849774630.193,1059667345363487.4,5.824267049656937e+16,3.921921002629631e+16,120703821031279.69,92860991859.90337,7.005052062107379e+16,1935133249.9786267,60836143786.50367,28878526842254.45,1.2486182292798206e+16,763467542654911.6,561401752698767.3,6522538619227945.0,58998586.52384469,1260389469153404.2,1585.1614621591846,79917653733841.5,4.316780323383885e+16,1.1289285335003058e+17,551458979537.6501,81550085780.4353,81741392464248.98,235489786.11424136,25552924317525.69,40127655555621.9,124602307858261.77,4031865871060665.5,3410967646061447.0,243160285473824.75,1242223531305637.2,2446714372082815.5,7.744044665721678e+16,1.9780787758270892e+16,3022619879189090.0,124340611012.34853,9781.19999998604,714804603925.1781,3.0425363101211768e-27,249672.90347188388,13169217.020376548,29722830.806087043,2361353.790744273,5.935290245624574e+16,439273147564.4707,5461518943053772.0,4081452945008460.5,1.6250814138604036e-13,1.7578757986649844e-12,13702835145.49468,4.006646710280212e-05,143085859099863.97,36199384327321.13,23003839.940799,91567502421759.27,564889083989003.5,
6093174418122475.0,7638998147545.427,388.4235521161817,177507177286.58737,1.2980280007919238e+16,1.438459308827494e+16,6234219871.113492,16946962603.674316,3.0057905316457228e+16,3.271709385540936e+16,2421622597731692.0,157131619308490.47,3457025269389570.0,5166420257147057.0,261174283127.89078,3.2946392526497532e+16,2.6296285478048548e+16,2177104854499708.8,210337238233.8149,60621139010190.9,0.03478702218221693,5129288879537892.0,0.12582209368962333,1.276015431576383e+16,75825744477904.4,2.3985363886559908e+16,768587013.529022,303782921256.4704,117221284409.24081,4590443488776279.0,1762219505498110.8,6102582941685.729,8435849774630.193,1121037434281669.5,5.958245090671488e+16,3.922901926364547e+16,128290115917079.14,98488867864.54459,7.010399840618594e+16,2101513214.407323,68283427505.86043,30626903125209.98,1.2777215554574204e+16,763467542654911.6,561401752698767.3,6858485041110704.0,58998586.52384469,1260389469153404.2,1585.1614621591846,79917654382953.69,4.444716523739993e+16,1.1437713845610346e+17,622622476335.47,92807342401.45688,83017992734524.92,264436025.84399801,25552924317525.69,40127655555621.9,139297582899862.98,4031865871061361.5,3613155991313511.0,257873608702264.84,1318583633853527.2,2691563661498605.0,7.744044668256336e+16,2.138262811419749e+16,3022619879189090.0,137279985371.5641,10373.999999984322,757605276421.8777,3.0425363101211768e-27,290864.2677927027,13169217.020376548,29722830.806087043,2751124.9418705455,6.25849433203639e+16,515337343010.3265,5461518943053772.0,4081452945008468.5,1.6250814138604036e-13,1.7578757986649844e-12,14953997496.952536,4.006646710280212e-05,154815920823362.25,36199384327321.13,23003839.940799,100431908015345.6,598793167404914.5,
6093174418122475.0,7638998147545.427,388.4235521161817,189738687830.76788,1.3556149679641702e+16,1.4384593327127716e+16,6234219871.113492,17915358270.452686,3.047370559413994e+16,3.271709385540937e+16,2549195979155950.5,174540416355661.6,3636772169618165.0,5201259356502396.0,261174283127.89078,3.389971872454821e+16,2.6296285478325664e+16,2372620266343513.5,223312031149.18533,60621139010190.9,0.03478702218221693,5524300440063618.0,0.12582209368962333,1.304466681573912e+16,78017379080509.08,2.3985363886559908e+16,768587013.529022,321541858781.48773,129991399014.71982,4833534452964123.0,1859679449646845.2,6741483761424.524,8435849774630.193,1182091831238814.2,6.079660464349789e+16,3.923533617943082e+16,135875838102886.38,104116736681.13283,7.014119331720407e+16,2269141071.4325414,76156338818.78513,32375069567557.863,1.3041179150341242e+16,763467542654911.6,561401752698767.3,7188382769682115.0,58998586.52384469,1260389469153404.2,1585.1614621591846,79917654598029.06,4.563304313039006e+16,1.156551854610668e+17,698095906803.0903,104869149638.17096,84133834224735.23,295057226.3914746,25552924317525.69,40127655555621.9,154730803766979.56,4031865871061480.0,3814833872329635.5,272584230561085.03,1394760748014226.0,2942214111012187.5,7.744044668943133e+16,2.2980768634582252e+16,3022619879189090.0,150577219507.0912,10966.799999982506,800346929357.0593,3.0425363101211768e-27,335674.07269311417,13169217.020376548,29722830.806087043,3175178.954487884,6.573746198358504e+16,598738484421.8793,5461518943053772.0,4081452945008469.5,1.6250814138604036e-13,1.7578757986649844e-12,16223102030.536335,4.006646710280212e-05,166606225771292.56,36199384327321.13,23003839.940799,109483954637842.62,632659610640822.5,
6093174418122475.0,7638998147545.427,388.4235521161817,201977815293.59296,1.411701217201566e+16,1.4384593415231308e+16,6234219871.113492,18883753699.794815,3.0838532334286144e+16,3.271709385540937e+16,2675666049831809.5,192688281524783.47,3814718547023119.5,5230163463182933.0,261174283127.89078,3.4770128709867844e+16,2.6296285478392036e+16,2571629257596677.0,236289549603.43408,60621139010190.9,0.03478702218221693,5919231686958657.0,0.12582209368962333,1.3304518352471832e+16,80052416640137.11,2.3985363886559908e+16,768587013.529022,339300736299.56,143331719971.93243,5074655766191276.0,1956797255591933.2,7397733556641.433,8435849774630.193,1242832160176096.0,6.189691129478265e+16,3.923940412310662e+16,143460987631156.5,109744598309.67726,7.016706315086947e+16,2437798163.207823,84454214500.51605,34123026194483.242,1.3280590891339748e+16,763467542654911.6,561401752698767.3,7512340711268877.0,58998586.52384469,1260389469153404.2,1585.1614621591846,79917654669291.66,4.673226787926357e+16,1.167556506885442e+17,777876470651.7428,117746593300.05992,85109160848319.31,327353050.2602582,25552924317525.69,40127655555621.9,170889960832269.03,4031865871061500.0,4016002577877163.5,287292151546257.4,1470755312297679.8,3198102589222851.0,7.744044669129232e+16,2.4572100680257244e+16,3022619879189090.0,164204720830.94714,11559.599999980588,843029644115.1603,3.0425363101211768e-27,384149.6917391697,13169217.020376548,29722830.806087043,3633971.625009879,6.880882952998463e+16,689639723986.9038,5461518943053772.0,4081452945008470.0,1.6250814138604036e-13,1.7578757986649844e-12,17507886697.29352,4.006646710280212e-05,178441844473552.84,36199384327321.13,23003839.940799,118705481805891.88,666488455484707.4,
6093174418122475.0,7638998147545.427,388.4235521161817,214222256734.66623,1.466325857254416e+16,1.4384593447729328e+16,6234219871.113492,19852148891.70076,3.1158634454148776e+16,3.271709385540937e+16,2801042351676196.0,211551970251185.8,3990882437422767.5,5254143629101656.0,261174283127.89078,3.556471435526395e+16,2.6296285478407936e+16,2773722653828970.0,249268963381.0235,60621139010190.9,0.03478702218221693,6313362360176150.0,0.12582209368962333,1.3541846487960484e+16,81942046349432.84,2.3985363886559908e+16,768587013.529022,357059553810.89,157230266807.3308,5313823387606691.0,2053574124427336.8,8069820752445.417,8435849774630.193,1303260036681023.8,6.289404591635807e+16,3.9242023782179496e+16,151045564544909.3,115372452750.18707,7.018505615785773e+16,2607304127.492327,93176392146.41034,35870773031168.21,1.349773440145666e+16,763467542654911.6,561401752698767.3,7830465811346411.0,58998586.52384469,1260389469153404.2,1585.1614621591846,79917654692903.66,4.775117130572797e+16,1.1770320872998069e+17,861961369223.2335,131450374129.3572,85961667258071.69,361323160.00553775,25552924317525.69,40127655555621.9,187763184943255.72,4031865871061503.5,4216663393469689.5,301997372153662.94,1546567764163848.5,3458707931493703.0,7.744044669179659e+16,2.6154007512987616e+16,3022619879189090.0,178137023913.88422,12152.399999978572,885653501968.3934,3.0425363101211768e-27,436332.3911439349,13169217.020376548,29722830.806087043,4127901.149531386,7.179793905332513e+16,788188159817.1013,5461518943053772.0,4081452945008470.0,1.6250814138604036e-13,1.7578757986649844e-12,18806374301.948284,4.006646710280212e-05,190310401340324.22,36199384327321.13,23003839.940799,128080018678664.02,700279743678156.0,
6093174418122475.0,7638998147545.427,388.4235521161817,226470403462.3023,1.5195269776979262e+16,1.4384593459716598e+16,6234219871.113492,20820543846.17058,3.143949480747563e+16,3.271709385540937e+16,2925334344083338.0,231108884244422.06,4165281695970837.0,5274038669064150.0,261174283127.89078,3.629000385034971e+16,2.629628547841174e+16,2978523163765047.5,262249695049.79218,60621139010190.9,0.03478702218221693,6706071523474831.0,0.12582209368962333,1.3758603504689064e+16,83696657913056.66,2.3985363886559908e+16,768587013.529022,374818311315.6804,171675288746.7635,5551053147049900.0,2150011253030514.0,8756363506497.258,8435849774630.193,1363377068030413.2,6.379768260017109e+16,3.9243710780379304e+16,158629568887315.2,121000300002.67143,7.019757066818145e+16,2777510190.5812263,102322210170.99646,37618310102791.85,1.3694680899524132e+16,763467542654911.6,561401752698767.3,8142863089843864.0,58998586.52384469,1260389469153404.2,1585.1614621591846,79917654700727.19,4.869562255969109e+16,1.1851910569743797e+17,950347805489.1874,145990818583.4654,86706819867561.81,396967218.23409736,25552924317525.69,40127655555621.9,205338745969271.75,4031865871061504.0,4416817601375275.5,316699892879091.7,1622198540024572.0,3723547868594503.5,7.74404466919332e+16,2.772429495445081e+16,3022619879189090.0,192350626499.16785,12745.199999976456,928218584076.9022,3.0425363101211768e-27,492258.0988876514,13169217.020376548,29722830.806087043,4657315.377285777,7.470414170117211e+16,894516033319.4692,5461518943053772.0,4081452945008470.0,1.6250814138604036e-13,1.7578757986649844e-12,20116836632.05721,4.006646710280212e-05,202201639573429.4,36199384327321.13,23003839.940799,137592626900016.08,734033516916414.1,
6093174418122475.0,7638998147545.427,388.4235521161817,238721132561.62552,1.5713416754919344e+16,1.438459346413824e+16,6234219871.113492,21788938563.204334,3.1685924097305828e+16,3.271709385540937e+16,3048551404638461.0,251337053697441.44,4337933998966169.0,5290544502111792.0,261174283127.89078,3.695199089391077e+16,2.6296285478412656e+16,3185682978159394.5,275231342993.6706,60621139010190.9,0.03478702218221693,7096825221657431.0,0.12582209368962333,1.3956572465277478e+16,85325898670075.11,2.3985363886559908e+16,768587013.529022,392577008814.1341,186655260339.01254,5786360746098735.0,2246109834077223.2,9456099234913.645,8435849774630.193,1423184853233137.8,6.461658833131743e+16,3.9244797167136904e+16,166213000701582.9,126628140067.13953,7.020627477021093e+16,2948293634.9082828,111891007807.02814,39365637434530.24,1.3873308955597086e+16,763467542654911.6,561401752698767.3,8449635675813439.0,58998586.52384469,1260389469153404.2,1585.1614621591846,79917654703319.42,4.957106192709778e+16,1.1922163560314885e+17,1043032984050.1614,161377889320.36966,87358137447204.69,434284887.6043087,25552924317525.69,40127655555621.9,223605051362514.22,4031865871061504.0,4616466480624648.0,331399714218242.6,1697648075245927.8,3992176179799536.0,7.744044669197024e+16,2.9281131696423044e+16,3022619879189090.0,206823838158.32684,13337.999999974243,970724971488.9149,3.0425363101211768e-27,551958.0769846885,13169217.020376548,29722830.806087043,5222518.150694156,7.752718932595982e+16,1008741838931.9678,5461518943053772.0,4081452945008470.0,1.6250814138604036e-13,1.7578757986649844e-12,21437763104.28229,4.006646710280212e-05,214107060196995.8,36199384327321.13,23003839.940799,147229758058257.5,767749816848437.0,
6093174418122475.0,7638998147545.427,388.4235521161817,250973660677.37054,1.6218060808484926e+16,1.4384593465769214e+16,6234219871.113492,22757333042.802082,3.190214327586515e+16,3.271709385540937e+16,3170702829825306.0,272215119985090.25,4508856845644303.0,5304238494439039.0,261174283127.89078,3.755616848886838e+16,2.629628547841287e+16,3394881548851176.0,288213627880.3353,60621139010190.9,0.03478702218221693,7485165653440220.0,0.12582209368962333,1.4137381880114238e+16,86838726636679.67,2.3985363886559908e+16,768587013.529022,410335646306.4537,202158877162.67773,6019761759108583.0,2341871056056272.0,10167874744283.578,8435849774630.193,1482684983072659.2,6.535870804438025e+16,3.924549677439624e+16,173795860030929.28,132255972943.60054,7.021232865407691e+16,3119553235.589218,121882125104.53914,41112755051556.41,1.4035322409654392e+16,763467542654911.6,561401752698767.3,8750884841475514.0,58998586.52384469,1260389469153404.2,1585.1614621591846,79917654704178.34,5.038253216739818e+16,1.1982655054719659e+17,1140014111134.721,177621195395.21753,87927436385635.72,473275830.8261247,25552924317525.69,40127655555621.9,242550644733086.1,4031865871061504.0,4815611307019366.0,346096836666723.7,1772916804150698.8,4264180054039220.5,7.744044669198027e+16,3.0822997920887596e+16,3022619879189090.0,221536640614.28476,13930.79999997193,1013172745140.8998,3.0425363101211768e-27,615459.5090937482,13169217.020376548,29722830.806087043,5823774.847029522,8.026718309870086e+16,1130971352627.9353,5461518943053772.0,4081452945008470.0,1.6250814138604036e-13,1.7578757986649844e-12,22767833358.95295,4.006646710280212e-05,226019622580874.94,36199384327321.13,23003839.940799,156979124403908.12,801428685076942.0,
6093174418122475.0,7638998147545.427,388.4235521161817,263227441607.73074,1.6709553824253422e+16,1.4384593466370818e+16,6234219871.113492,23725727284.96388,3.2091855842943044e+16,3.271709385540937e+16,3291797835727529.5,293722318838484.75,4678067559951119.0,5315599655388470.0,261174283127.89078,3.810756438993206e+16,2.6296285478412924e+16,3605823534483567.5,301196355428.35,60621139010190.9,0.03478702218221693,7870701674112418.0,0.12582209368962333,1.4302519103628684e+16,88243459759499.9,2.3985363886559908e+16,768587013.529022,428094223792.84204,218175051614.8203,6251271634243204.0,2437296103284215.5,10890637027083.334,8435849774630.193,1541879040149339.0,6.603124170432359e+16,3.9245947304848584e+16,181378146918570.97,137883798632.0637,7.0216539256128536e+16,3291205496.206176,132294902929.89903,42859662979040.375,1.4182266623640902e+16,763467542654911.6,561401752698767.3,9046710035650774.0,58998586.52384469,1260389469153404.2,1585.1614621591846,79917654704462.92,5.1134707561159336e+16,1.20347413910532e+17,1241288394598.5093,194730002176.0103,88425045065991.66,513939710.6610716,25552924317525.69,40127655555621.9,262164204437890.75,4031865871061504.0,5014253353139979.0,360791260720051.9,1848005160020866.5,4539177643902643.0,7.744044669198299e+16,3.2348641075152404e+16,3022619879189090.0,236470558832.4142,14523.599999969518,1055561985857.7178,3.0425363101211768e-27,682786.0141319127,13169217.020376548,29722830.806087043,6461317.222234322,8.292452750245693e+16,1261298585125.732,5461518943053772.0,4081452945008470.0,1.6250814138604036e-13,1.7578757986649844e-12,24105893305.719936,4.006646710280212e-05,237933495981259.06,36199384327321.13,23003839.940799,166829581592292.2,835070163158459.1,
6093174418122475.0,7638998147545.427,388.4235521161817,275482094666.8806,1.7188238518628444e+16,1.4384593466592726e+16,6234219871.113492,24694121289.68978,3.2258311281110428e+16,3.271709385540937e+16,3411845558724042.5,315838463982168.6,4845583292298711.0,5325025392969909.0,261174283127.89078,3.861077641893303e+16,2.6296285478412936e+16,3818236900385899.0,314179390510.93756,60621139010190.9,0.03478702218221693,8253100464927234.0,0.12582209368962333,1.4453342569401644e+16,89547821649863.3,2.3985363886559908e+16,768587013.529022,445852741273.5019,234692908779.80984,6480905694497201.0,2532386155920005.5,11623424733502.28,8435849774630.193,1600768598922534.0,6.664071415977163e+16,3.924623743575529e+16,188959861407722.16,143511617132.5381,7.021946781736782e+16,3463181543.8546424,143128682964.8702,44606361242149.13,1.4315543221870064e+16,763467542654911.6,561401752698767.3,9337208916590406.0,58998586.52384469,1260389469153404.2,1585.1614621591846,79917654704557.22,5.183192083514253e+16,1.2079590447260955e+17,1346853043923.3125,212713240986.1321,88859991246372.73,556276189.9222422,25552924317525.69,40127655555621.9,282434542183248.75,4031865871061504.0,5212393888354156.0,375482986873653.2,1922913575100099.8,4816815798399034.0,7.744044669198371e+16,3.3857037807541372e+16,3022619879189090.0,251608542049.39783,15116.399999967007,1097892774352.7773,3.0425363101211768e-27,753958.0952106714,13169217.020376548,29722830.806087043,7135347.644769306,8.549988917830918e+16,1399806665306.2883,5461518943053772.0,4081452945008470.0,1.6250814138604036e-13,1.7578757986649844e-12,25450934185.714508,4.006646710280212e-05,249843853407492.56,36199384327321.13,23003839.940799,176771022332510.03,868674292603382.2,
6093174418122475.0,7638998147545.427,388.4235521161817,287737354620.3761,1.765444867681477e+16,1.4384593466674578e+16,6234219871.113492,25662515056.97985,3.2404360714325464e+16,3.271709385540937e+16,3530855056178328.5,338543931221327.0,5011421021303676.0,5332845415003713.0,261174283127.89078,3.907000660297088e+16,2.629628547841294e+16,4031871161054677.0,327162639144.6163,60621139010190.9,0.03478702218221693,8632080226156454.0,0.12582209368962333,1.4591092964761636e+16,90758984050310.11,2.3985363886559908e+16,768587013.529022,463611198748.6359,251701782376.84647,6708679138710212.0,2627142389979584.0,12365360306268.654,8435849774630.193,1659355225752474.0,6.7193038446382296e+16,3.92464242731657e+16,196541003541593.97,149139428445.03296,7.022150469257645e+16,3635424567.9900146,154382807705.66592,46352849866046.67,1.4436423460388114e+16,763467542654911.6,561401752698767.3,9622477384215182.0,58998586.52384469,1260389469153404.2,1585.1614621591846,79917654704588.45,5.247818811994115e+16,1.2118207827255698e+17,1456705270216.1255,231579518481.23087,89240165843995.84,600284931.4742887,25552924317525.69,40127655555621.9,303350601641110.2,4031865871061504.0,5410034178824797.0,390172015622862.5,1997642480596245.8,5096767961415972.0,7.744044669198392e+16,3.534736120740291e+16,3022619879189090.0,266934853973.7723,15709.199999964396,1140165191228.1882,3.0425363101211768e-27,828993.5320386505,13169217.020376548,29722830.806087043,7846042.796305381,8.799416014693362e+16,1546568658939.162,5461518943053772.0,4081452945008470.0,1.6250814138604036e-13,1.7578757986649844e-12,26802074270.352615,4.006646710280212e-05,261746700604625.5,36199384327321.13,23003839.940799,186794279928362.03,902241114876020.9,
6093174418122475.0,7638998147545.427,388.4235521161817,299993036725.213,1.810850938556565e+16,1.438459346670477e+16,6234219871.113492,26630908586.834145,3.2532505743272996e+16,3.271709385540937e+16,3648835307121806.5,361819642966679.7,5175597555507983.0,5339333262143613.0,261174283127.89078,3.948909355798864e+16,2.629628547841294e+16,4246495754536914.5,340146035961.92126,60621139010190.9,0.03478702218221693,9007403768279924.0,0.12582209368962333,1.4716903436789902e+16,91883606266805.75,2.3985363886559908e+16,768587013.529022,481369596218.4471,269191210784.6601,6934607042572874.0,2721565977350427.0,13115642749953.824,8435849774630.193,1717640478941923.2,6.7693573154477864e+16,3.9246544592018744e+16,204121573363394.5,154767232569.55746,7.0222921381618104e+16,3807887707.8330526,166056620462.00922,48099128875893.914,1.454606035282332e+16,763467542654911.6,561401752698767.3,9902609611774086.0,58998586.52384469,1260389469153404.2,1585.1614621591846,79917654704598.81,5.307723208394214e+16,1.215145940853202e+17,1570842286208.2178,251337125767.7573,89572466094457.3,645965598.233416,25552924317525.69,40127655555621.9,324901457078734.1,4031865871061504.0,5607175487518125.0,404858347462924.06,2072192306683809.5,5378732223766541.0,7.744044669198397e+16,3.681895261215818e+16,3022619879189090.0,282434971451.09686,16301.999999961687,1182379316974.915,3.0425363101211768e-27,907907.72391013,13169217.020376548,29722830.806087043,8593556.906397453,9.040842497449374e+16,1701648327444.9773,5461518943053772.0,4081452945008470.0,1.6250814138604036e-13,1.7578757986649844e-12,28158542864.758625,4.006646710280212e-05,273638734169589.97,36199384327321.13,23003839.940799,196891040791150.47,935770671394650.9,
6093174418122475.0,7638998147545.427,388.4235521161817,312249012333.73584,1.855073725986467e+16,1.4384593466715908e+16,6234219871.113492,27599301879.25272,3.264494129391143e+16,3.271709385540937e+16,3765795212931280.0,385647053185016.2,5338129535082613.0,5344715876198760.0,261174283127.89078,3.987154283309047e+16,2.629628547841294e+16,4461898538821547.5,353129535498.42194,60621139010190.9,0.03478702218221693,9378872891170622.0,0.12582209368962333,1.483180891368969e+16,92927871783443.34,2.3985363886559908e+16,768587013.529022,499127933683.13794,287150933141.91736,7158704359624641.0,2815658085806039.0,13873540998241.51,8435849774630.193,1775625908777629.2,6.814717441750709e+16,3.924662207450133e+16,211701570916328.34,160395029506.12082,7.0223906718290776e+16,3980532309.773891,178149465356.1932,49845198296848.83,1.4645499668382364e+16,763467542654911.6,561401752698767.3,1.0177698076932924e+16,58998586.52384469,1260389469153404.2,1585.1614621591846,79917654704602.23,5.3632503376868296e+16,1.2180090756840117e+17,1689261306254.201,271994047270.26935,89862920683341.27,693317853.1673739,25552924317525.69,40127655555621.9,347076312001709.0,4031865871061504.0,5803819074211758.0,419541982888991.06,2146563482506432.2,5662429517602396.0,7.744044669198397e+16,3.8271297346559064e+16,3022619879189090.0,298095490941.1925,16894.799999958876,1224535231972.929,3.0425363101211768e-27,990713.9895019472,13169217.020376548,29722830.806087043,9378024.579824667,9.274393149285683e+16,1865100831076.6616,5461518943053772.0,4081452945008470.0,1.6250814138604036e-13,1.7578757986649844e-12,29519666325.594135,4.006646710280212e-05,285517223837958.75,36199384327321.13,23003839.940799,207053765089865.25,969263003531565.8,
6093174418122475.0,7638998147545.427,388.4235521161817,324505191878.75806,1.898144066370033e+16,1.4384593466720018e+16,6234219871.113492,28567694934.235634,3.2743593213156332e+16,3.271709385540937e+16,3881743598000528.0,410008132763665.6,5499033433514128.0,5349181538450338.0,261174283127.89078,4.022055511178773e+16,2.629628547841294e+16,4677884401086830.0,366113106132.6623,60621139010190.9,0.03478702218221693,9746323454638588.0,0.12582209368962333,1.4936754618198308e+16,93897522260948.67,2.3985363886559908e+16,768587013.529022,516886211142.9113,305570885521.89386,7380985922243519.0,2909419879020394.5,14638387839088.615,8435849774630.193,1833313057571559.2,6.8558243025725224e+16,3.924667197137912e+16,219280996243596.94,166022819254.73215,7.022459204042568e+16,4153326489.9732685,190660687322.14218,51591058154066.32,1.473568990689806e+16,763467542654911.6,561401752698767.3,1.0447833592303192e+16,58998586.52384469,1260389469153404.2,1585.1614621591846,79917654704603.38,5.4147200506422136e+16,1.220474384323404e+17,1811959546331.0945,293557969354.4114,90116799120346.98,742341359.2954509,25552924317525.69,40127655555621.9,369864497810188.5,4031865871061504.0,5999966195502754.0,434222922396125.5,2220756436179359.8,5947601942789775.0,7.744044669198397e+16,3.970400384753814e+16,3022619879189090.0,313904042205.20795,17487.599999955968,1266633016491.3635,3.0425363101211768e-27,1077423.828917783,13169217.020376548,29722830.806087043,10199563.267891377,9.500206472152685e+16,2036973380581.6543,5461518943053772.0,4081452945008470.0,1.6250814138604036e-13,1.7578757986649844e-12,30884855839.623375,4.006646710280212e-05,297379914823721.9,36199384327321.13,23003839.940799,217275614781876.44,1002718152613127.5,
6093174418122475.0,7638998147545.427,388.4235521161817,336761513012.1211,1.940091992508715e+16,1.438459346672153e+16,6234219871.113492,29536087751.78295,3.28301512556566e+16,3.271709385540937e+16,3996689210406089.0,434885355277518.7,5658325559274347.0,5352886455641290.0,261174283127.89078,4.053905227588266e+16,2.629628547841294e+16,4894273971338108.0,379096725871.26215,60621139010190.9,0.03478702218221693,1.0109621055544442e+16,0.12582209368962333,1.5032603843073944e+16,94797889105918.9,2.3985363886559908e+16,768587013.529022,534644428597.97015,324441197179.99805,7601466442627781.0,3002852516582332.0,15409574356859.752,8435849774630.193,1890703459701920.0,6.893076712218373e+16,3.924670410378288e+16,226859849388398.56,171650601815.4007,7.0225068696214104e+16,4326243948.708929,203589632104.47382,53336708472698.29,1.4817491346075188e+16,763467542654911.6,561401752698767.3,1.0713105335421262e+16,58998586.52384469,1260389469153404.2,1585.1614621591846,79917654704603.75,5.462428826252591e+16,1.2225971438323384e+17,1938934224037.3945,316036288712.28955,90338707340231.25,793035779.6884663,25552924317525.69,40127655555621.9,393255472468220.9,4031865871061504.0,6195618104815650.0,448901166479299.0,2294771594791909.0,6234011215605659.0,7.744044669198397e+16,4.111678570398808e+16,3022619879189090.0,329849208646.69275,18080.39999995296,1308672750688.6648,3.0425363101211768e-27,1168047.1527339201,13169217.020376548,29722830.806087043,11058275.42852399,9.718432367253624e+16,2217305841110.435,5461518943053772.0,4081452945008470.0,1.6250814138604036e-13,1.7578757986649844e-12,32253596741.290405,4.006646710280212e-05,309224946795962.1,36199384327321.13,23003839.940799,227550388337656.44,1036136159919818.1,
6093174418122475.0,7638998147545.427,388.4235521161817,349017932338.99445,1.980946754548343e+16,1.438459346672209e+16,6234219871.113492,30504480331.894722,3.2906098026675612e+16,3.271709385540937e+16,4110640722567284.5,460261683147528.9,5816022057473298.0,5355960224013934.0,261174283127.89078,4.0829701401884984e+16,2.629628547841294e+16,5110902432605338.0,392080379417.3689,60621139010190.9,0.03478702218221693,1.0468657237088114e+16,0.12582209368962333,1.512014505261917e+16,95633922784370.98,2.3985363886559908e+16,768587013.529022,552402586048.5171,343752186872.7591,7820160513769719.0,3095957154009889.5,16186544851295.193,8435849774630.193,1947798641653972.0,6.926836089526156e+16,3.924672479628742e+16,234438130393928.06,177278377188.1356,7.022540022022168e+16,4499262992.376688,216935646257.56253,55082149277893.62,1.4891684247231394e+16,763467542654911.6,561401752698767.3,1.0973600878187814e+16,58998586.52384469,1260389469153404.2,1585.1614621591846,79917654704603.86,5.5066514795285944e+16,1.2244249506475861e+17,2070182558592.1414,339436120516.77924,90532671264985.9,845400777.4687632,25552924317525.69,40127655555621.9,417238819186045.75,4031865871061504.0,6390776052410461.0,463576715633391.8,2368609384409925.0,6521437230815862.0,7.744044669198397e+16,4.250944620620988e+16,3022619879189090.0,345920453793.7118,18673.19999994985,1350654514612.7458,3.0425363101211768e-27,1262592.482201884,13169217.020376548,29722830.806087043,11954250.414352698,9.929230075018098e+16,2406131291861.574,5461518943053772.0,4081452945008470.0,1.6250814138604036e-13,1.7578757986649844e-12,33625439175.50464,4.006646710280212e-05,321050786658260.94,36199384327321.13,23003839.940799,237872461536904.47,1069517066686289.5,
6093174418122475.0,7638998147545.427,388.4235521161817,361274419659.71844,2.0207368403751476e+16,1.4384593466722296e+16,6234219871.113492,31472872674.571014,3.2972734376824076e+16,3.271709385540937e+16,4223606731900538.5,486120554179927.5,5972138911495607.0,5358510362524920.0,261174283127.89078,4.109493679539999e+16,2.629628547841294e+16,5327618420457082.0,405064056131.7033,60621139010190.9,0.03478702218221693,1.0823346164999064e+16,0.12582209368962333,1.520009836865886e+16,96410220040773.42,2.3985363886559908e+16,768587013.529022,570160683494.7548,363494359246.91754,8037082610421527.0,3188734942764601.5,16968792194878.537,8435849774630.193,2004600122060630.0,6.957429964312891e+16,3.92467381217687e+16,242015839303377.16,182906145372.946,7.022563080205931e+16,4672365726.777655,230698077144.60388,56827380594798.16,1.4958976297803446e+16,763467542654911.6,561401752698767.3,1.122940621577719e+16,58998586.52384469,1260389469153404.2,1585.1614621591846,79917654704603.9,5.547642744505519e+16,1.2259987877873117e+17,2205701770833.9893,363764306351.1189,90702209843258.73,899436015.8102025,25552924317525.69,40127655555621.9,441804245115240.06,4031865871061504.0,6585441285390678.0,478249570353193.7,2442270230078233.5,6809676728849991.0,7.744044669198397e+16,4.388186505608288e+16,3022619879189090.0,362108053448.57495,19265.999999946645,1392578388201.1382,3.0425363101211768e-27,1361067.1242401043,13169217.020376548,29722830.806087043,12887566.12303226,1.0132766348522168e+17,2603476544698.4697,5461518943053772.0,4081452945008470.0,1.6250814138604036e-13,1.7578757986649844e-12,34999989936.23618,4.006646710280212e-05,332856172779479.25,36199384327321.13,23003839.940799,248236733771358.1,1102860914101415.9,
6093174418122475.0,7638998147545.427,388.4235521161817,373530953959.548,2.0594899954802676e+16,1.4384593466722374e+16,6234219871.113492,32441264779.81188,3.3031201683617116e+16,3.271709385540937e+16,4335595761468032.0,512445868475680.7,6126691944620508.0,5360626073807233.0,261174283127.89078,4.13369801865322e+16,2.629628547841294e+16,5544283005131009.0,418047748614.4256,60621139010190.9,0.03478702218221693,1.1173621713356766e+16,0.12582209368962333,1.5273121494326782e+16,97131049172219.14,2.3985363886559908e+16,768587013.529022,587918720936.886,383658401297.28455,8252247090053333.0,3281187030265737.0,17755853592369.8,8435849774630.193,2061109411742857.0,6.985155155033475e+16,3.924674670306203e+16,249592976159934.22,188533906369.84122,7.022579117651973e+16,4845537391.692637,244876272936.6798,58572402448554.766,1.5020009361609082e+16,763467542654911.6,561401752698767.3,1.1480605795026254e+16,58998586.52384469,1260389469153404.2,1585.1614621591846,79917654704603.92,5.5856387415779096e+16,1.2273539437708197e+17,2345489083220.2734,389027421919.97485,90850398892119.88,955141157.9381539,25552924317525.69,40127655555621.9,466941580056590.3,4031865871061504.0,6779615047711232.0,492919731133403.3,2515754555823088.5,7098542060393594.0,7.744044669198397e+16,4.523398693749913e+16,3022619879189090.0,378403033068.25824,19858.799999943338,1434444451281.1438,3.0425363101211768e-27,1463477.324389344,13169217.020376548,29722830.806087043,13858290.439742368,1.032921383682827e+17,2809362624736.5405,5461518943053772.0,4081452945008470.0,1.6250814138604036e-13,1.7578757986649844e-12,36376905332.85461,4.006646710280212e-05,344640068725120.9,36199384327321.13,23003839.940799,258638579342103.28,1136167743308343.0,
6093174418122475.0,7638998147545.427,388.4235521161817,385787520616.33417,2.097233242306586e+16,1.4384593466722402e+16,6234219871.113492,33409656647.61737,3.3082501401504056e+16,3.271709385540937e+16,4446616260620754.5,539221975700006.94,6279696821625607.0,5362381364435887.0,261174283127.89078,4.155785921586404e+16,2.629628547841294e+16,5760768750083492.0,431031451718.7937,60621139010190.9,0.03478702218221693,1.1519434909791692e+16,0.12582209368962333,1.5339815124390428e+16,97800373496703.7,2.3985363886559908e+16,768587013.529022,605676698375.1134,404235178892.0588,8465668193803483.0,3373314559904488.0,18547306708690.23,8435849774630.193,2117328013749849.2,7.010280648481139e+16,3.924675222921105e+16,257169541006784.47,194161660178.83026,7.022590272029014e+16,5018765811.998816,259469582611.8253,60317214864303.25,1.5075365601251598e+16,763467542654911.6,561401752698767.3,1.172728254231211e+16,58998586.52384469,1260389469153404.2,1585.1614621591846,79917654704603.92,5.620858337614723e+16,1.2285208038564558e+17,2489541719826.0835,415231784547.98425,90979926899409.38,1012515867.1294909,25552924317525.69,40127655555621.9,492640775180572.3,4031865871061504.0,6973298580186448.0,507587198468628.6,2589062784654613.0,7387860041278978.0,7.744044669198397e+16,4.656581168835608e+16,3022619879189090.0,394797109972.27295,20451.599999939932,1476252783569.9883,3.0425363101211768e-27,1569828.4005068578,13169217.020376548,29722830.806087043,14866482.498037929,1.051874965699061e+17,3023805215680.5146,5461518943053772.0,4081452945008470.0,1.6250814138604036e-13,1.7578757986649844e-12,37755884954.790146,4.006646710280212e-05,356401624870813.5,36199384327321.13,23003839.940799,269073803286832.3,1169437595404539.8,
6093174418122475.0,7638998147545.427,388.4235521161817,398044109456.6092,2.1339928990913884e+16,1.438459346672241e+16,6234219871.113492,34378048277.98756,3.3127512215232736e+16,3.271709385540937e+16,4556676605635989.0,566433662702052.4,6431169050374601.0,5363837633642749.0,261174283127.89078,4.175942434036445e+16,2.629628547841294e+16,5976958841225742.0,444015161865.14136,60621139010190.9,0.03478702218221693,1.1860751695977718e+16,0.12582209368962333,1.540072788661995e+16,98421873144544.22,2.3985363886559908e+16,768587013.529022,623434615809.6399,425215733364.3179,8677360047421125.0,3465118671058114.5,19342766133820.152,8435849774630.193,2173257423399013.2,7.033050209468141e+16,3.924675578791971e+16,264745533887109.7,199789406799.92245,7.022598030130079e+16,5192040944.917485,274477355954.0957,62061817867180.43,1.5125573031065674e+16,763467542654911.6,561401752698767.3,1.196951789092787e+16,58998586.52384469,1260389469153404.2,1585.1614621591846,79917654704603.92,5.653504406689656e+16,1.2295255313387683e+17,2637856906343.3286,442383460471.62524,91093143799047.55,1071559806.7125818,25552924317525.69,40127655555621.9,518891901760320.6,4031865871061504.0,7166493120497969.0,522251972853386.94,2662195338569234.0,7677470891076342.0,7.744044669198397e+16,4.7877385851352264e+16,3022619879189090.0,411282640005.8263,21044.399999936428,1518003464674.9722,3.0425363101211768e-27,1680124.8596248052,13169217.020376548,29722830.806087043,15912193.781923896,1.0701554135528594e+17,3246815072488.3306,5461518943053772.0,4081452945008470.0,1.6250814138604036e-13,1.7578757986649844e-12,39136666221.394005,4.006646710280212e-05,368140146555153.44,36199384327321.13,23003839.940799,279538601315709.28,1202670511441849.5,
6093174418122475.0,7638998147545.427,388.4235521161817,410300713402.5048,2.1697945982179772e+16,1.4384593466722416e+16,6234219871.113492,35346439670.922485,3.316700509035894e+16,3.271709385540937e+16,4665785100349286.0,594066141475091.6,6581123983389074.0,5365045821032481.0,261174283127.89078,4.194336428443518e+16,2.629628547841294e+16,6192746281543887.0,456998876563.7363,60621139010190.9,0.03478702218221693,1.2197550964732294e+16,0.12582209368962333,1.5456360854849288e+16,98998965292754.03,2.3985363886559908e+16,768587013.529022,641192473240.6682,446591278168.42285,8887336662201153.0,3556600499104031.5,20141880155801.6,8435849774630.193,2228899128315740.2,7.053684745805535e+16,3.924675807964354e+16,272320954844088.62,205417146233.12692,7.022603426050611e+16,5365354506.556585,289898943552.63556,63806211482320.09,1.5171110553571078e+16,763467542654911.6,561401752698767.3,1.2207391807965546e+16,58998586.52384469,1260389469153404.2,1585.1614621591846,79917654704603.92,5.6837649986888184e+16,1.23039065418095e+17,2790431870079.814,470488271930.0977,91192103604204.05,1132272640.067284,25552924317525.69,40127655555621.9,545685149916969.7,4031865871061504.0,7359199903202665.0,536914054782104.44,2735152638552110.5,7967227249269012.0,7.744044669198397e+16,4.9168795411785304e+16,3022619879189090.0,427852568314.80865,21637.19999993282,1559696574093.621,3.0425363101211768e-27,1794370.5000929905,13169217.020376548,29722830.806087043,16995469.089148834,1.087780970203211e+17,3478398403749.906,5461518943053772.0,4081452945008470.0,1.6250814138604036e-13,1.7578757986649844e-12,40519019618.11994,4.006646710280212e-05,379855067657905.0,36199384327321.13,23003839.940799,290029523473692.44,1235866532426539.5,
6093174418122475.0,7638998147545.427,388.4235521161817,422557327530.0489,2.2046633040890484e+16,1.4384593466722416e+16,6234219871.113492,36314830826.42223,3.320165647869276e+16,3.271709385540937e+16,4773949976780973.0,622105037447892.5,6729576819404563.0,5366048188425698.0,261174283127.89078,4.211122015496736e+16,2.629628547841294e+16,6408033146198189.0,469982594082.9182,60621139010190.9,0.03478702218221693,1.2529822839783466e+16,0.12582209368962333,1.5507171670854386e+16,99534822953627.4,2.3985363886559908e+16,768587013.529022,658950270668.4009,468353195600.10016,9095611935911570.0,3647761175433853.0,20944327815265.36,8435849774630.193,2284254608472975.5,7.072384451526797e+16,3.9246759555459224e+16,279895803920896.6,211044878478.45285,7.02260717902549e+16,5538699663.860331,305733696800.7479,65550395734853.02,1.5212412527474322e+16,763467542654911.6,561401752698767.3,1.2440982820714892e+16,58998586.52384469,1260389469153404.2,1585.1614621591846,79917654704603.92,5.711814422527195e+16,1.2311355701360128e+17,2947263839958.308,499551804060.74365,91278601671788.55,1194654030.6249363,25552924317525.69,40127655555621.9,573010827377250.9,4031865871061504.0,7551420159740531.0,551573444749116.75,2807935104579559.5,8256993263343489.0,7.744044669198397e+16,5.044015955720595e+16,3022619879189090.0,444500383915.6192,22229.999999929118,1601332191213.8398,3.0425363101211768e-27,1912568.5008590352,13169217.020376548,29722830.806087043,18116347.373193562,1.1047699919246843e+17,3718557225994.508,5461518943053772.0,4081452945008470.0,1.6250814138604036e-13,1.7578757986649844e-12,41902744532.60036,4.006646710280212e-05,391545928679321.3,36199384327321.13,23003839.940799,300543441182706.5,1269025699319351.2,
6093174418122475.0,7638998147545.427,388.4235521161817,434813948413.8386,2.238623330534283e+16,1.4384593466722416e+16,6234219871.113492,37283221744.48684,3.3232059904870876e+16,3.271709385540937e+16,4881179395757240.0,650536378098133.4,6876542604911031.0,5366879798157372.0,261174283127.89078,4.226439833185722e+16,2.629628547841294e+16,6622729893564428.0,482966313218.2811,60621139010190.9,0.03478702218221693,1.2857567168424226e+16,0.12582209368962333,1.5553578308955398e+16,100032392420838.89,2.3985363886559908e+16,768587013.529022,676708008093.041,490493033578.9884,9302199653713344.0,3738601827467384.5,21749816217097.734,8435849774630.193,2339325336230580.0,7.089330749148618e+16,3.924676050584946e+16,287470081160705.75,216672603535.9094,7.022609789297518e+16,5712070780.510615,321980967894.9652,67294370649906.97,1.5249872910790124e+16,763467542654911.6,561401752698767.3,1.2670368042586962e+16,58998586.52384469,1260389469153404.2,1585.1614621591846,79917654704603.92,5.737814250213537e+16,1.231776981682502e+17,3108350046515.6157,529579411604.3847,91354207274326.11,1258703641.8683524,25552924317525.69,40127655555621.9,600859358243229.4,4031865871061504.0,7743155118442544.0,566230143248668.6,2880543155621471.0,8546643743539279.0,7.744044669198397e+16,5.1691625316731544e+16,3022619879189090.0,461220077767.2792,22822.79999992531,1642910395314.061,3.0425363101211768e-27,2034721.4995057357,13169217.020376548,29722830.806087043,19274862.47923046,1.1211408635511778e+17,3967289691978.691,5461518943053772.0,4081452945008470.0,1.6250814138604036e-13,1.7578757986649844e-12,43287665615.07404,4.006646710280212e-05,403212358553801.44,36199384327321.13,23003839.940799,311077517349297.8,1302148053035553.5,
6093174418122475.0,7638998147545.427,388.4235521161817,447070573671.04095,2.2716983577642972e+16,1.4384593466722416e+16,6234219871.113492,38251612425.11636,3.325873613251472e+16,3.271709385540937e+16,4987481447525864.0,679346581879017.2,7022036235677906.0,5367569739540636.0,261174283127.89078,4.24041822375978e+16,2.629628547841294e+16,6836754728020875.0,495950033132.136,60621139010190.9,0.03478702218221693,1.3180792200925786e+16,0.12582209368962333,1.5595962514310854e+16,100494409468981.08,2.3985363886559908e+16,768587013.529022,694465685514.7911,513002502492.4604,9507113489072822.0,3829123578666565.0,22558078076911.94,8435849774630.193,2394112776374494.5,7.1046880498124904e+16,3.924676111787819e+16,295043786606684.9,222300321405.5057,7.022611604795965e+16,5885463207.331082,338640109834.121,69038136252606.67,1.528384901860168e+16,763467542654911.6,561401752698767.3,1.2895623198570894e+16,58998586.52384469,1260389469153404.2,1585.1614621591846,79917654704603.92,5.761914247547335e+16,1.2323292705268662e+17,3273687721901.6523,560576225425.8044,91420292070145.19,1324421137.3318126,25552924317525.69,40127655555621.9,629221281774069.6,4031865871061504.0,7934406004538519.0,580884150774914.2,2952977209643721.0,8836063379387467.0,7.744044669198397e+16,5.292336295758423e+16,3022619879189090.0,478006104075.8365,23415.599999921407,1684431265563.398,3.0425363101211768e-27,2160831.6604613783,13169217.020376548,29722830.806087043,20471043.787405465,1.1369119246799794e+17,4224590394856.8315,5461518943053772.0,4081452945008470.0,1.6250814138604036e-13,1.7578757986649844e-12,44673629597.13525,4.006646710280212e-05,414854059561722.06,36199384327321.13,23003839.940799,321629179252644.94,1335233634444989.0,
6093174418122475.0,7638998147545.427,388.4235521161817,459327201644.1177,2.3039114488827724e+16,1.4384593466722416e+16,6234219871.113492,39220002868.310875,3.328214208410509e+16,3.271709385540937e+16,5092864152366595.0,708522447450468.5,7166072458263852.0,5368142146397133.0,261174283127.89078,4.253174308173494e+16,2.629628547841294e+16,7050033010598939.0,508933753241.8523,60621139010190.9,0.03478702218221693,1.3499513433784954e+16,0.12582209368962333,1.56346729431875e+16,100923414395610.36,2.3985363886559908e+16,768587013.529022,712223302933.8541,535873472099.553,9710367004666722.0,3919327548549363.5,23368869481888.49,8435849774630.193,2448618386155701.0,7.1186053483837656e+16,3.924676151201015e+16,302616920301999.6,227928032087.251,7.022612867512868e+16,6058873109.399706,355710476418.42236,70781692568073.86,1.5314664931303134e+16,763467542654911.6,561401752698767.3,1.311682265023236e+16,58998586.52384469,1260389469153404.2,1585.1614621591846,79917654704603.92,5.7842532368089544e+16,1.232804820069556e+17,3443274099878.513,592547158854.4607,91478054988392.94,1391806180.6010582,25552924317525.69,40127655555621.9,658087251179711.8,4031865871061504.0,8125174040164940.0,595535467821916.9,3025237683610577.0,9125146013522918.0,7.744044669198397e+16,5.4135562033434456e+16,3022619879189090.0,494853344581.8782,24008.399999917405,1725894881021.7927,3.0425363101211768e-27,2290900.7346205064,13169217.020376548,29722830.806087043,21704916.775113273,1.1521014056859696e+17,4490450649997.296,5461518943053772.0,4081452945008470.0,1.6250814138604036e-13,1.7578757986649844e-12,46060502511.08898,4.006646710280212e-05,426470794811657.25,36199384327321.13,23003839.940799,332196093954317.5,1368282484372128.8,
6093174418122475.0,7638998147545.427,388.4235521161817,471583831180.0832,2.335285065968279e+16,1.4384593466722416e+16,6234219871.113492,40188393074.07043,3.330267866735684e+16,3.271709385540937e+16,5197335461196279.0,738051143206537.0,7308665871511405.0,5368617041246627.0,261174283127.89078,4.264814966839307e+16,2.629628547841294e+16,7262496713906892.0,521917473142.1989,60621139010190.9,0.03478702218221693,1.3813752596691668e+16,0.12582209368962333,1.5670028031037954e+16,101321765988505.6,2.3985363886559908e+16,768587013.529022,729980860350.4326,559097968493.8607,9911973653279814.0,4009214852703620.0,24181967847301.75,8435849774630.193,2502843615328981.5,7.131217668983679e+16,3.924676176582178e+16,310189482289812.3,233555735581.15448,7.0226137457587176e+16,6232297323.440772,373191422248.5244,72525039621427.23,1.5342614585833618e+16,763467542654911.6,561401752698767.3,1.3334039420261916e+16,58998586.52384469,1260389469153404.2,1585.1614621591846,79917654704603.92,5.8049598964122264e+16,1.2332142930651816e+17,3617106415819.5513,625496913850.3741,91528543980348.52,1460858435.3132832,25552924317525.69,40127655555621.9,687448032426351.4,4031865871061504.0,8315460444372763.0,610184094883649.0,3097324993487099.5,9413793968584924.0,7.744044669198397e+16,5.53284279937814e+16,3022619879189090.0,511757075601.17847,24601.1999999133,1767301320640.1707,3.0425363101211768e-27,2424930.111456797,13169217.020376548,29722830.806087043,22976503.508466825,1.1667273725086144e+17,4764858756078.453,5461518943053772.0,4081452945008470.0,1.6250814138604036e-13,1.7578757986649844e-12,47448167259.4653,4.006646710280212e-05,438062377855108.7,36199384327321.13,23003839.940799,342776145995228.8,1401294643596120.0,
6093174418122475.0,7638998147545.427,388.4235521161817,483840461476.9351,2.3658410857370092e+16,1.4384593466722416e+16,6234219871.113492,41156783042.39507,3.3320697642147416e+16,3.271709385540937e+16,5300903256168727.0,767920197090859.8,7449830928026650.0,5369011035685226.0,261174283127.89078,4.2754377347874584e+16,2.629628547841294e+16,7474083918005260.0,534901192551.3287,60621139010190.9,0.03478702218221693,1.4123536765568944e+16,0.12582209368962333,1.5702318611979244e+16,101691654494935.94,2.3985363886559908e+16,768587013.529022,747738357764.7294,582668171124.2706,1.011194677869533e+16,4098786602800848.0,24997170051661.273,8435849774630.193,2556789906191479.5,7.14264737497873e+16,3.9246761929270424e+16,317761472613282.06,239183431887.22534,7.022614356596959e+16,6405733240.19314,391082302724.6043,74268177437782.52,1.536796457938862e+16,763467542654911.6,561401752698767.3,1.3547345216581356e+16,58998586.52384469,1260389469153404.2,1585.1614621591846,79917654704603.92,5.824153502125732e+16,1.2335668707024102e+17,3795181906708.4487,659429987000.0012,91572675031653.06,1531577565.157128,25552924317525.69,40127655555621.9,717294503053609.4,4031865871061504.0,8505266433135213.0,624830032453992.9,3169239554241535.5,9701917423326944.0,7.744044669198397e+16,5.6502179276217736e+16,3022619879189090.0,528712937606.2382,25193.999999909098,1808650663260.5872,3.0425363101211768e-27,2562920.864573494,13169217.020376548,29722830.806087043,24285823.071877316,1.1808076792764472e+17,5047800236979.318,5461518943053772.0,4081452945008470.0,1.6250814138604036e-13,1.7578757986649844e-12,48836521490.598045,4.006646710280212e-05,449628664070463.94,36199384327321.13,23003839.940799,353367417167046.94,1434270152850836.5,
6093174418122475.0,7638998147545.427,388.4235521161817,496097091976.81934,2.395600814797332e+16,1.4384593466722416e+16,6234219871.113492,42125172773.284874,3.3336507645618932e+16,3.271709385540937e+16,5403575351269420.0,798117486692261.2,7589581935644068.0,5369337911451119.0,261174283127.89078,4.285131618658229e+16,2.629628547841294e+16,7684738344161712.0,547884911273.2115,60621139010190.9,0.03478702218221693,1.4428897586201372e+16,0.12582209368962333,1.5731810311220276e+16,102035113664246.36,2.3985363886559908e+16,768587013.529022,765495795176.947,606576409872.4348,1.0310299616578138e+16,4188043906609979.0,25814290734875.117,8435849774630.193,2610458693621062.5,7.153005356136787e+16,3.924676203452747e+16,325332891315564.56,244811121005.47272,7.022614781447653e+16,6579178707.380463,409382474045.43774,76011106042252.38,1.5390956712351756e+16,763467542654911.6,561401752698767.3,1.3756810456016046e+16,58998586.52384469,1260389469153404.2,1585.1614621591846,79917654704603.92,5.841944614132388e+16,1.233870458464245e+17,3977497811138.29,694350675346.7675,91611248780381.45,1603963233.8726723,25552924317525.69,40127655555621.9,747617651003282.1,4031865871061504.0,8694593219355551.0,639473281026739.5,3240981779847706.0,9989433834339524.0,7.744044669198397e+16,5.765704481428803e+16,3022619879189090.0,545716907152.83386,25786.799999904793,1849942987616.3796,3.0425363101211768e-27,2704873.7915177937,13169217.020376548,29722830.806087043,25632891.943538435,1.194359927926014e+17,5339258065868.925,5461518943053772.0,4081452945008470.0,1.6250814138604036e-13,1.7578757986649844e-12,50225475741.72602,4.006646710280212e-05,461169543514786.56,36199384327321.13,23003839.940799,363968168165112.2,1467209052824930.5,
6093174418122475.0,7638998147545.427,388.4235521161817,508353722291.7104,2.4245850045068228e+16,1.4384593466722416e+16,6234219871.113492,43093562266.73989,3.335037947865464e+16,3.271709385540937e+16,5505359492905052.0,828631229612785.4,7727933058876712.0,5369609102503227.0,261174283127.89078,4.293977842323371e+16,2.629628547841294e+16,7894408923643649.0,560868629171.5043,60621139010190.9,0.03478702218221693,1.4729870594867014e+16,0.12582209368962333,1.5758745730118592e+16,102354031929974.11,2.3985363886559908e+16,768587013.529022,783253172587.2885,630815162185.9037,1.0507045295350786e+16,4276987868011064.0,26633160745196.64,8435849774630.193,2663851405114488.5,7.162392104467595e+16,3.924676210231051e+16,332903738439812.56,250438802935.90585,7.02261507694014e+16,6752631949.675141,428091293207.47565,77753825459946.47,1.541181029470268e+16,763467542654911.6,561401752698767.3,1.3962504287541024e+16,58998586.52384469,1260389469153404.2,1585.1614621591846,79917654704603.92,5.858435713884982e+16,1.2341318633844779e+17,4164051369310.64,730263082060.812,91644965042445.83,1678015105.2514274,25552924317525.69,40127655555621.9,778408573459563.2,4031865871061504.0,8883442012874826.0,654113841095589.6,3312552083287392.5,1.0276267400053238e+16,7.744044669198397e+16,5.879326190300362e+16,3022619879189090.0,562765270970.7965,26379.599999900387,1891178372332.3167,3.0425363101211768e-27,2850789.448581499,13169217.020376548,29722830.806087043,27017724.323626842,1.2074014340557045e+17,5639212872795.927,5461518943053772.0,4081452945008470.0,1.6250814138604036e-13,1.7578757986649844e-12,51614951815.928566,4.006646710280212e-05,472684934993387.25,36199384327321.13,23003839.940799,374576821947859.3,1500111384161880.8,
6093174418122475.0,7638998147545.427,388.4235521161817,520610352151.7137,2.452813865442113e+16,1.4384593466722416e+16,6234219871.113492,44061951522.76017,3.336255074427878e+16,3.271709385540937e+16,5606263360487983.0,859449974100669.0,7864898320351850.0,5369834094975649.0,261174283127.89078,4.3020505273529064e+16,2.629628547841294e+16,8103049398919887.0,573852346151.3774,60621139010190.9,0.03478702218221693,1.5026494624053236e+16,0.12582209368962333,1.5783346441840834e+16,102650162792978.9,2.3985363886559908e+16,768587013.529022,801010489995.9565,655377050265.8553,1.0702196837062434e+16,4365619587008927.5,27453625721955.33,8435849774630.193,2716969460825373.0,7.170898689185353e+16,3.924676214596118e+16,340474014029175.25,256066477678.53384,7.0226152824613064e+16,6926091502.679745,447208118003.92236,79496335715971.48,1.543072423790073e+16,763467542654911.6,561401752698767.3,1.4164494615108562e+16,58998586.52384469,1260389469153404.2,1585.1614621591846,79917654704603.92,5.873721794426113e+16,1.2343569466747566e+17,4354839823034.62,767171121952.3651,91674435507854.8,1753732843.13633,25552924317525.69,40127655555621.9,809658475700630.0,4031865871061504.0,9071814020479602.0,668751713154153.0,3383950876552711.0,1.0562348563932102e+16,7.744044669198397e+16,5.991107437213001e+16,3022619879189090.0,579854602052.1758,26972.39999989588,1932356895924.7483,3.0425363101211768e-27,3000668.1812193156,13169217.020376548,29722830.806087043,28440332.421173308,1.2199491983303253e+17,5947643136984.815,5461518943053772.0,4081452945008470.0,1.6250814138604036e-13,1.7578757986649844e-12,53004881363.44898,4.006646710280212e-05,484174781139720.44,36199384327321.13,23003839.940799,385191948644017.94,1532977187460044.5,
6093174418122475.0,7638998147545.427,388.4235521161817,532866981369.103,2.480307081491655e+16,1.4384593466722416e+16,6234219871.113492,45030340541.345795,3.3373229917428584e+16,3.271709385540937e+16,5706294567015633.0,890562589940966.1,8000491602232247.0,5370020758998128.0,261174283127.89078,4.309417314008714e+16,2.629628547841294e+16,8310617954839994.0,586836062146.8752,60621139010190.9,0.03478702218221693,1.5318811282798826e+16,0.12582209368962333,1.5805814814043452e+16,102925134462675.7,2.3985363886559908e+16,768587013.529022,818767747403.1538,680254838308.3865,1.0895767158250742e+16,4453940159746768.5,28275544802205.3,8435849774630.193,2769814273601964.0,7.178607640252344e+16,3.9246762174071176e+16,348043718126798.6,261694145233.36588,7.022615425405549e+16,7099556158.4708805,466732307023.81433,81238636835431.05,1.5447878952197728e+16,763467542654911.6,561401752698767.3,1.4362848120064722e+16,58998586.52384469,1260389469153404.2,1585.1614621591846,79917654704603.92,5.887890907572927e+16,1.2345507551444578e+17,4549860415725.9795,805078526833.0576,91700194838167.33,1831116111.4217336,25552924317525.69,40127655555621.9,841358669961485.2,4031865871061504.0,9259710445909680.0,683386897695949.1,3455178570648483.5,1.0847613553993618e+16,7.744044669198397e+16,6.1010731024297256e+16,3022619879189090.0,596981737582.8063,27565.19999989127,1973478636801.7551,3.0425363101211768e-27,3154510.1506366446,13169217.020376548,29722830.806087043,29900726.704808924,1.2320198828204694e+17,6264525364956.984,5461518943053772.0,4081452945008470.0,1.6250814138604036e-13,1.7578757986649844e-12,54395204641.66813,4.006646710280212e-05,495639044333494.2,36199384327321.13,23003839.940799,395812251863628.1,1565806503272706.8,
6093174418122475.0,7638998147545.427,388.4235521161817,545123609813.306,2.5070838235812324e+16,1.4384593466722416e+16,6234219871.113492,45998729322.496796,3.3382599915807164e+16,3.271709385540937e+16,5805460659644873.0,921958259596742.2,8134726647623183.0,5370175623989446.0,261174283127.89078,4.316139927955172e+16,2.629628547841294e+16,8517076877542201.0,599819777112.1241,60621139010190.9,0.03478702218221693,1.5606864502487058e+16,0.12582209368962333,1.5826335673567166e+16,103180458809380.53,2.3985363886559908e+16,768587013.529022,836524944809.083,705441429798.3402,1.1087769070796778e+16,4541950678519716.0,29098789440460.12,8435849774630.193,2822387249024720.5,7.1855937490756904e+16,3.924676219217334e+16,355612850775825.6,267321805600.4112,7.022615524826241e+16,7273024920.680493,486663219651.1004,82980728843425.77,1.5463438067477402e+16,763467542654911.6,561401752698767.3,1.4557630283162296e+16,58998586.52384469,1260389469153404.2,1585.1614621591846,79917654704603.92,5.901024671118597e+16,1.2347176343600643e+17,4749110392406.179,843988850729.3514,91722710366474.83,1910164574.0534039,25552924317525.69,40127655555621.9,873500574307951.1,4031865871061504.0,9447132489865772.0,698019395214406.5,3526235575594606.5,1.1132003956000868e+16,7.744044669198397e+16,6.2092484300954696e+16,3022619879189090.0,614143758575.1681,28157.999999886564,2014543673263.2969,3.0425363101211768e-27,3312315.357029234,13169217.020376548,29722830.806087043,31398916.12193553,1.2436297917223709e+17,6589834255513.162,5461518943053772.0,4081452945008470.0,1.6250814138604036e-13,1.7578757986649844e-12,55785869431.23116,4.006646710280212e-05,507077703314198.3,36199384327321.13,23003839.940799,406436556282301.25,1598599372108130.2,
6093174418122475.0,7638998147545.427,388.4235521161817,557380237393.5039,2.5331627630417788e+16,1.4384593466722416e+16,6234219871.113492,46967117866.21325,3.33908212329806e+16,3.271709385540937e+16,5903769120261440.0,953626469593943.1,8267617061965398.0,5370304107053386.0,261174283127.89078,4.322274697426932e+16,2.629628547841294e+16,8722392239009543.0,612803491015.218,60621139010190.9,0.03478702218221693,1.5890700140039612e+16,0.12582209368962333,1.5845077826839084e+16,103417539676991.84,2.3985363886559908e+16,768587013.529022,854282082213.947,730929864854.6735,1.1278215282773014e+16,4629652231788343.0,29923242331628.254,8435849774630.193,2874689785443699.0,7.191924794125467e+16,3.92467622038307e+16,363181412019395.7,272949458779.67896,7.022615593975398e+16,7446496967.444179,507000216063.7228,84722611765053.28,1.54775499940356e+16,763467542654911.6,561401752698767.3,1.4748905406177422e+16,58998586.52384469,1260389469153404.2,1585.1614621591846,79917654704603.92,5.9131987389721176e+16,1.2348613260813003e+17,4952586999701.459,883905474952.153,91742390575890.8,1990877895.0285094,25552924317525.69,40127655555621.9,906075711521708.2,4031865871061504.0,9634081350017198.0,712649206202863.4,3597122300428411.5,1.141546631786609e+16,7.744044669198397e+16,6.31565891443322e+16,3022619879189090.0,631337971071.3826,28750.799999881754,2055552083501.3643,3.0425363101211768e-27,3474083.6598963225,13169217.020376548,29722830.806087043,32934908.290296625,1.2547948559596322e+17,6923542852537.997,5461518943053772.0,4081452945008470.0,1.6250814138604036e-13,1.7578757986649844e-12,57176830088.66342,4.006646710280212e-05,518490750371585.2,36199384327321.13,23003839.940799,417063796380295.44,1631355834429605.8,
6093174418122475.0,7638998147545.427,388.4235521161817,569636864046.5284,2.558562084628835e+16,1.4384593466722416e+16,6234219871.113492,47935506172.49522,3.3398034687384256e+16,3.271709385540937e+16,6001227366044427.0,985557002143237.4,8399176314414075.0,5370410702466457.0,261174283127.89078,4.327873025181721e+16,2.629628547841294e+16,8926533605349888.0,625787203833.9658,60621139010190.9,0.03478702218221693,1.6170365631448554e+16,0.12582209368962333,1.5862195448489486e+16,103637680601712.67,2.3985363886559908e+16,768587013.529022,872039159617.9486,756713317626.3809,1.1467118399284418e+16,4717045904192124.0,30748796428126.76,8435849774630.193,2926723274015748.5,7.1976621985140664e+16,3.924676221133778e+16,370749401900645.06,278577104771.17834,7.022615642070075e+16,7619971620.838728,527742657232.69934,86464285625408.19,1.5490349338188812e+16,763467542654911.6,561401752698767.3,1.4936736633136964e+16,58998586.52384469,1260389469153404.2,1585.1614621591846,79917654704603.92,5.924483236944596e+16,1.2349850521587314e+17,5160287485841.93,924831613026.5702,91759592510367.61,2073255738.3956156,25552924317525.69,40127655555621.9,939075707996276.0,4031865871061504.0,9820558221009514.0,727276331154567.5,3667839153207015.0,1.1697951782984942e+16,7.744044669198397e+16,6.42033020279974e+16,3022619879189090.0,648561888795.3018,29343.59999987685,2096503945600.1238,3.0425363101211768e-27,3639814.795795784,13169217.020376548,29722830.806087043,34508709.66542425,1.265530621218536e+17,7265622686517.34,5461518943053772.0,4081452945008470.0,1.6250814138604036e-13,1.7578757986649844e-12,58568046718.28781,4.006646710280212e-05,529878189014814.5,36199384327321.13,23003839.940799,427693006228997.1,1664075930655502.0,
